{
    "data": {
        "attributes": {},
        "graph": {
            "attributes": {},
            "default_edge_attributes": {},
            "default_node_attributes": {
                "x": 0.0,
                "y": 0.0,
                "z": 0.0
            },
            "edge": {
                "0": {},
                "1": {},
                "2": {}
            },
            "max_node": 2,
            "node": {
                "0": {
                    "part": {
                        "data": {
                            "attributes": {
                                "name": "stick0",
                                "shape": {
                                    "data": {
                                        "frame": {
                                            "point": [
                                                -34.57995571907683,
                                                -22.638818140854536,
                                                179.66666666666669
                                            ],
                                            "xaxis": [
                                                6.123233995736766e-17,
                                                0.0,
                                                1.0
                                            ],
                                            "yaxis": [
                                                0.08715574274765836,
                                                0.9961946980917455,
                                                -5.3367500691614976e-18
                                            ]
                                        },
                                        "xsize": 200.0,
                                        "ysize": 13.0,
                                        "zsize": 13.0
                                    },
                                    "dtype": "compas.geometry/Box",
                                    "guid": "55df4445-6873-41a7-bfe1-1ad7dab72211"
                                }
                            },
                            "features": [],
                            "frame": {
                                "point": [
                                    -34.57995571907683,
                                    -22.638818140854536,
                                    179.66666666666669
                                ],
                                "xaxis": [
                                    6.123233995736766e-17,
                                    0.0,
                                    1.0
                                ],
                                "yaxis": [
                                    0.08715574274765836,
                                    0.9961946980917455,
                                    -5.3367500691614976e-18
                                ]
                            },
                            "key": 0
                        },
                        "dtype": "compas.datastructures/Part",
                        "guid": "8b4bce6f-6f2f-4ec3-9b66-ff5bea7b8d42",
                        "inheritance": []
                    }
                },
                "1": {
                    "part": {
                        "data": {
                            "attributes": {
                                "name": "stick1",
                                "shape": {
                                    "data": {
                                        "frame": {
                                            "point": [
                                                -53.34086964411342,
                                                -87.91877335791801,
                                                112.99999999999999
                                            ],
                                            "xaxis": [
                                                -0.08715574274765824,
                                                -0.9961946980917455,
                                                0.0
                                            ],
                                            "yaxis": [
                                                -0.9961946980917455,
                                                0.08715574274765824,
                                                1.2246467991473537e-16
                                            ]
                                        },
                                        "xsize": 200.0,
                                        "ysize": 13.0,
                                        "zsize": 13.0
                                    },
                                    "dtype": "compas.geometry/Box",
                                    "guid": "14889107-e9ae-4fd2-9725-aa3ff9fba2c6"
                                }
                            },
                            "features": [],
                            "frame": {
                                "point": [
                                    -53.34086964411342,
                                    -87.91877335791801,
                                    112.99999999999999
                                ],
                                "xaxis": [
                                    -0.08715574274765824,
                                    -0.9961946980917455,
                                    0.0
                                ],
                                "yaxis": [
                                    -0.9961946980917455,
                                    0.08715574274765824,
                                    1.2246467991473535e-16
                                ]
                            },
                            "key": 1
                        },
                        "dtype": "compas.datastructures/Part",
                        "guid": "5862f666-5bae-4361-a810-897d9fb3d6dd",
                        "inheritance": []
                    }
                },
                "2": {
                    "part": {
                        "data": {
                            "attributes": {
                                "name": "stick2",
                                "shape": {
                                    "data": {
                                        "frame": {
                                            "point": [
                                                -51.72066889442137,
                                                -89.15205440473363,
                                                125.99999999999999
                                            ],
                                            "xaxis": [
                                                0.03489949670250086,
                                                -0.9993908270190958,
                                                -4.174563864264519e-36
                                            ],
                                            "yaxis": [
                                                -0.9993908270190958,
                                                -0.03489949670250086,
                                                1.2246467991473532e-16
                                            ]
                                        },
                                        "xsize": 200.0,
                                        "ysize": 13.0,
                                        "zsize": 13.0
                                    },
                                    "dtype": "compas.geometry/Box",
                                    "guid": "e082ffec-0215-4d37-b0ea-1fe156cca34b"
                                }
                            },
                            "features": [],